{
  "states": [
    {
      "name": "Johor",
      "cities": [
        "Johor Bahru",
        "Iskandar Puteri",
        "Batu Pahat",
        "Muar",
        "Kluang",
        "Pontian",
        "Segamat",
        "Kota Tinggi"
      ]
    },
    {
      "name": "Kedah",
      "cities": [
        "Alor Setar",
        "Sungai Petani",
        "Kulim",
        "Baling",
        "Langkawi",
        "Yan",
        "Pendang"
      ]
    },
    {
      "name": "Kelantan",
      "cities": [
        "Kota Bharu",
        "Pasir Mas",
        "Tumpat",
        "Tanah Merah",
        "Machang",
        "Kuala Krai",
        "Gua Musang"
      ]
    },
    {
      "name": "Kuala Lumpur",
      "cities": ["Kuala Lumpur"]
    },
    {
      "name": "Labuan",
      "cities": ["Labuan"]
    },
    {
      "name": "Melaka",
      "cities": ["Melaka", "Alor Gajah", "Jasin", "Tangkak"]
    },
    {
      "name": "Negeri Sembilan",
      "cities": [
        "Seremban",
        "Port Dickson",
        "Nilai",
        "Bahau",
        "Tampin",
        "Kuala Pilah"
      ]
    },
    {
      "name": "Pahang",
      "cities": [
        "Kuantan",
        "Temerloh",
        "Bentong",
        "Raub",
        "Jerantut",
        "Pekan",
        "Rompin"
      ]
    },
    {
      "name": "Penang",
      "cities": ["George Town", "Butterworth", "Bukit Mertajam", "Nibong Tebal"]
    },
    {
      "name": "Perak",
      "cities": [
        "Ipoh",
        "Taiping",
        "Sitiawan",
        "Teluk Intan",
        "Lumut",
        "Batu Gajah",
        "Kampar"
      ]
    },
    {
      "name": "Perlis",
      "cities": ["Kangar", "Arau"]
    },
    {
      "name": "Putrajaya",
      "cities": ["Putrajaya"]
    },
    {
      "name": "Sabah",
      "cities": [
        "Kota Kinabalu",
        "Sandakan",
        "Tawau",
        "Lahad Datu",
        "Keningau",
        "Sapi",
        "Beaufort"
      ]
    },
    {
      "name": "Sarawak",
      "cities": [
        "Kuching",
        "Miri",
        "Sibu",
        "Bintulu",
        "Limbang",
        "Sri Aman",
        "Kapit"
      ]
    },
    {
      "name": "Selangor",
      "cities": [
        "Shah Alam",
        "Petaling Jaya",
        "Subang Jaya",
        "Klang",
        "Ampang",
        "Selayang",
        "Rawang"
      ]
    },
    {
      "name": "Terengganu",
      "cities": [
        "Kuala Terengganu",
        "Chukai",
        "Dungun",
        "Kemaman",
        "Marang",
        "Setiu"
      ]
    }
  ]
}
